id_evento,nombre,fecha,hora,tipo_evento,descripcion,provincia,canton,parroquia,latitud,longitud,afectados,fallecidos,infraestructura,area_afectada,volumen_afectado,multimedia,fuentes,acciones_tomadas,estado_actual
https://www.elcomercio.com/actualidad/ecuador/30-familias-afectadas-por-un-aluvion-en-el-canton-alausi.html,30 familias afectadas por un aluvi√≥n en el cant√≥n Alaus√≠,2024-04-21T09:28:23-05:00,,Aluvi√≥n,,Chimborazo,Alaus√≠,,,,,,,,,https://www.elcomercio.com/wp-content/uploads/2024/04/Alausi-aluvion--1024x683.jpg,"https://www.elcomercio.com/ultima-hora/,https://www.elcomercio.com/actualidad/,https://www.elcomercio.com/tendencias/,https://www.elcomercio.com/tecnologia/,https://www.elcomercio.com/deportes/,https://www.elcomercio.com/opinion/,https://www.elcomercio.com/categoria/videos/,https://www.elcomercio.com/categoria/podcasts/,https://www.elcomercio.com/empleo/,https://www.elcomercio.com/contactos/,https://www.elcomercio.com/feed-rss/,https://www.elcomercio.com/mapa-sitio/,https://www.repretel.com/category/accion-social/,https://www.elcomercio.com/terminos-y-condiciones/,https://www.elcomercio.com/politicas-de-privacidad/,https://especiales.elcomercio.com/codigo_deontologico/codigo_deontologico.pdf,https://www.elcomercio.com/ultima-hora/,https://www.elcomercio.com/actualidad/,https://www.elcomercio.com/tendencias/,https://www.elcomercio.com/tecnologia/,https://www.elcomercio.com/deportes/,https://www.elcomercio.com/opinion/,https://www.elcomercio.com/categoria/videos/,https://www.elcomercio.com/categoria/podcasts/,https://www.elcomercio.com/empleo/,https://www.elcomercio.com/contactos/,https://www.elcomercio.com/actualidad/ecuador/lluvias-volveran-amazonia-sierra.html,https://www.elcomercio.com/actualidad/quito/quito-lluvias-pronostico-fin-semana.html,https://www.elcomercio.com/actualidad/dubai-aeropuertos-lluvias-inundaciones-carreteras.html",,
https://www.primicias.ec/noticias/sucesos/aluvion-desaparecidos-heridos-viviendas-afectadas-alausi/,"Un aluvi√≥n dej√≥ heridos, viviendas y veh√≠culos afectados en Alaus√≠","Lunes, 10 de febrero de 2025",,Aluvi√≥n,,Chimborazo,Alaus√≠,,,,,,,,,"https://www.facebook.com/tr?id=2682050298532168&ev=PageView&noscript=1,https://primicias.s3.amazonaws.com/logo-vertical.svg,https://imagenes.primicias.ec/files/image_480_270/uploads/2024/05/26/6653ba2c710f0.jpeg,https://imagenes.primicias.ec/files/main_image_400_220/uploads/2025/02/10/67aa837c0e497.jpeg,https://www.primicias.ec/track/pageviews/article-36861","https://www.primicias.ec/tag/luisa-gonzalez/,https://www.primicias.ec/elecciones/ecuador2025/asamblea/,https://www.primicias.ec/,https://www.primicias.ec/,https://reputacion.primicias.ec/,https://www.primicias.ec/especiales/metastasis/,https://www.primicias.ec/el-periodismo-comprometido/,https://www.facebook.com/PrimiciasEcuador,https://telegram.me/primiciasec,https://www.linkedin.com/company/primicias,https://twitter.com/intent/follow?source=followbutton&variant=1.0&screen_name=primicias,https://www.youtube.com/c/primiciasecuador,https://www.facebook.com/PrimiciasEcuador,https://www.facebook.com/PrimiciasEcuador,https://telegram.me/primiciasec,https://www.linkedin.com/company/primicias,https://twitter.com/intent/follow?source=followbutton&variant=1.0&screen_name=primicias,https://www.youtube.com/c/primiciasecuador,https://www.facebook.com/PrimiciasEcuador,https://reputacion.primicias.ec/,https://www.primicias.ec/el-periodismo-comprometido/,https://twitter.com/intent/tweet?text=Un+aluvi%C3%B3n+dej%C3%B3+heridos%2C+viviendas+y+veh%C3%ADculos+afectados+en+Alaus%C3%AD&url=https://www.primicias.ec/noticias/sucesos/aluvion-desaparecidos-heridos-viviendas-afectadas-alausi/,https://t.me/share/url?text=Un%20aluvi%C3%B3n%20dej%C3%B3%20heridos,%20viviendas%20y%20veh%C3%ADculos%20afectados%20en%20Alaus%C3%AD&url=https://www.primicias.ec/noticias/sucesos/aluvion-desaparecidos-heridos-viviendas-afectadas-alausi/,https://www.facebook.com/sharer/sharer.php?u=https://www.primicias.ec/noticias/sucesos/aluvion-desaparecidos-heridos-viviendas-afectadas-alausi/,https://api.whatsapp.com/send?text=Un%20aluvi%C3%B3n%20dej%C3%B3%20heridos,%20viviendas%20y%20veh%C3%ADculos%20afectados%20en%20Alaus%C3%AD%20-%20https://www.primicias.ec/noticias/sucesos/aluvion-desaparecidos-heridos-viviendas-afectadas-alausi/,https://www.whatsapp.com/channel/0029VaCTgOdLY6d9D5KlkW29,https://www.primicias.ec/noticias/guayaquil/lluvias-inundaciones-retrasos-consulta-popular/,https://www.primicias.ec/noticias/sociedad/vias-carreteras-lluvias-deslaves-cierres-ecuador/,https://twitter.com/Riesgos_Ec/status/1782028161145868565?ref_src=twsrc%5Etfw,https://twitter.com/Riesgos_Ec/status/1782045033111159199?ref_src=twsrc%5Etfw,https://twitter.com/intent/tweet?text=Un+aluvi%C3%B3n+dej%C3%B3+heridos%2C+viviendas+y+veh%C3%ADculos+afectados+en+Alaus%C3%AD&url=https://www.primicias.ec/noticias/sucesos/aluvion-desaparecidos-heridos-viviendas-afectadas-alausi/,https://t.me/share/url?text=Un%20aluvi%C3%B3n%20dej%C3%B3%20heridos,%20viviendas%20y%20veh%C3%ADculos%20afectados%20en%20Alaus%C3%AD&url=https://www.primicias.ec/noticias/sucesos/aluvion-desaparecidos-heridos-viviendas-afectadas-alausi/,https://www.facebook.com/sharer/sharer.php?u=https://www.primicias.ec/noticias/sucesos/aluvion-desaparecidos-heridos-viviendas-afectadas-alausi/,https://api.whatsapp.com/send?text=Un%20aluvi%C3%B3n%20dej%C3%B3%20heridos,%20viviendas%20y%20veh%C3%ADculos%20afectados%20en%20Alaus%C3%AD%20-%20https://www.primicias.ec/noticias/sucesos/aluvion-desaparecidos-heridos-viviendas-afectadas-alausi/,https://www.primicias.ec/politica-de-cookies/,https://www.primicias.ec/aviso-de-privacidad/,https://www.primicias.ec/tratamiento-de-datos/,https://www.facebook.com/PrimiciasEcuador,https://telegram.me/primiciasec,https://www.linkedin.com/company/primicias,https://twitter.com/intent/follow?source=followbutton&variant=1.0&screen_name=primicias,https://www.youtube.com/c/primiciasecuador,https://www.facebook.com/PrimiciasEcuador,https://www.primicias.ec/about-us/,https://www.primicias.ec/el-periodismo-comprometido/,https://news.google.com/publications/CAAiEFiFAQyumkqQ031OujJCh44qFAgKIhBYhQEMrppKkNN9TroyQoeO?hl=es-419&gl=MX&ceid=MX%3Aes-419,https://www.primicias.ec/jugada/eldeportequequeremos/,https://www.primicias.ec/noticias/jugada/tabla-posiciones-ligapro-ecuador2024/,https://www.primicias.ec/tags/,https://www.primicias.ec/aviso-de-privacidad/,https://www.primicias.ec/contacto/,https://www.primicias.ec/contacto-ventas/,https://www.primicias.ec/rss/home.xml",,
https://www.elcomercio.com/actualidad/ecuador/deslave-alausi-viviendas-afectadas.html,Deslave en Alaus√≠ deja una persona herida y viviendas afectadas,2024-04-21T09:23:32-05:00,,Aluvi√≥n,,Chimborazo,Alaus√≠,,,,,,,,,https://www.elcomercio.com/wp-content/uploads/2024/04/Alausi-1024x683.jpg,"https://www.elcomercio.com/ultima-hora/,https://www.elcomercio.com/actualidad/,https://www.elcomercio.com/tendencias/,https://www.elcomercio.com/tecnologia/,https://www.elcomercio.com/deportes/,https://www.elcomercio.com/opinion/,https://www.elcomercio.com/categoria/videos/,https://www.elcomercio.com/categoria/podcasts/,https://www.elcomercio.com/empleo/,https://www.elcomercio.com/contactos/,https://www.elcomercio.com/feed-rss/,https://www.elcomercio.com/mapa-sitio/,https://www.repretel.com/category/accion-social/,https://www.elcomercio.com/terminos-y-condiciones/,https://www.elcomercio.com/politicas-de-privacidad/,https://especiales.elcomercio.com/codigo_deontologico/codigo_deontologico.pdf,https://www.elcomercio.com/ultima-hora/,https://www.elcomercio.com/actualidad/,https://www.elcomercio.com/tendencias/,https://www.elcomercio.com/tecnologia/,https://www.elcomercio.com/deportes/,https://www.elcomercio.com/opinion/,https://www.elcomercio.com/categoria/videos/,https://www.elcomercio.com/categoria/podcasts/,https://www.elcomercio.com/empleo/,https://www.elcomercio.com/contactos/,https://www.elcomercio.com/actualidad/politica/como-saber-donde-te-toca-votar-hoy-para-consulta-popular-y-referendum.html,https://www.elcomercio.com/actualidad/politica/preguntas-consulta-popular-y-referendo-abril.html,https://twitter.com/Riesgos_Ec/status/1782045033111159199?ref_src=twsrc%5Etfw",,
https://www.primicias.ec/noticias/sociedad/alausi-aluvion-declaracion-emergencia-multitud/,Emergencia en Alaus√≠: 57 familias damnificadas y m√°s de 60 evacuados,"Lunes, 10 de febrero de 2025",,Aluvi√≥n,,Chimborazo,Alaus√≠,,,,"La tarde de este 22 de abril, la Secretar√≠a de Riesgos inform√≥ sobre las acciones que se han implementado en la zonas afectadas el nuevo aluvi√≥n en Alaus√≠. Seg√∫n la entidad, 61 personas se encuentran en ",,,,,"https://www.facebook.com/tr?id=2682050298532168&ev=PageView&noscript=1,https://primicias.s3.amazonaws.com/logo-vertical.svg,https://imagenes.primicias.ec/files/image_480_270/uploads/2024/05/26/6653bab370cfc.jpeg,https://imagenes.primicias.ec/files/main_image_400_220/uploads/2025/02/09/67a8f2b72a387.jpeg,https://www.primicias.ec/track/pageviews/article-36897","https://www.primicias.ec/tag/luisa-gonzalez/,https://www.primicias.ec/elecciones/ecuador2025/asamblea/,https://www.primicias.ec/,https://www.primicias.ec/,https://reputacion.primicias.ec/,https://www.primicias.ec/especiales/metastasis/,https://www.primicias.ec/el-periodismo-comprometido/,https://www.facebook.com/PrimiciasEcuador,https://telegram.me/primiciasec,https://www.linkedin.com/company/primicias,https://twitter.com/intent/follow?source=followbutton&variant=1.0&screen_name=primicias,https://www.youtube.com/c/primiciasecuador,https://www.facebook.com/PrimiciasEcuador,https://www.facebook.com/PrimiciasEcuador,https://telegram.me/primiciasec,https://www.linkedin.com/company/primicias,https://twitter.com/intent/follow?source=followbutton&variant=1.0&screen_name=primicias,https://www.youtube.com/c/primiciasecuador,https://www.facebook.com/PrimiciasEcuador,https://reputacion.primicias.ec/,https://www.primicias.ec/el-periodismo-comprometido/,https://twitter.com/intent/tweet?text=Emergencia+en+Alaus%C3%AD%3A+57+familias+damnificadas+y+m%C3%A1s+de+60+evacuados&url=https://www.primicias.ec/noticias/sociedad/alausi-aluvion-declaracion-emergencia-multitud/,https://t.me/share/url?text=Emergencia%20en%20Alaus%C3%AD:%2057%20familias%20damnificadas%20y%20m%C3%A1s%20de%2060%20evacuados&url=https://www.primicias.ec/noticias/sociedad/alausi-aluvion-declaracion-emergencia-multitud/,https://www.facebook.com/sharer/sharer.php?u=https://www.primicias.ec/noticias/sociedad/alausi-aluvion-declaracion-emergencia-multitud/,https://api.whatsapp.com/send?text=Emergencia%20en%20Alaus%C3%AD:%2057%20familias%20damnificadas%20y%20m%C3%A1s%20de%2060%20evacuados%20-%20https://www.primicias.ec/noticias/sociedad/alausi-aluvion-declaracion-emergencia-multitud/,https://www.whatsapp.com/channel/0029VaCTgOdLY6d9D5KlkW29,https://www.primicias.ec/noticias/sucesos/aluvion-desaparecidos-heridos-viviendas-afectadas-alausi/,https://twitter.com/Riesgos_Ec/status/1782522721680724303,https://www.primicias.ec/noticias/quito/gasca-imagenes-aluvion-fallecidos-quito/,https://www.primicias.ec/noticias/sucesos/autoridades-declaran-alausi-alerta-naranja/,https://www.primicias.ec/noticias/sucesos/aluvion-desaparecidos-heridos-viviendas-afectadas-alausi/,https://twitter.com/Riesgos_Ec/status/1782239956863258739,https://twitter.com/intent/tweet?text=Emergencia+en+Alaus%C3%AD%3A+57+familias+damnificadas+y+m%C3%A1s+de+60+evacuados&url=https://www.primicias.ec/noticias/sociedad/alausi-aluvion-declaracion-emergencia-multitud/,https://t.me/share/url?text=Emergencia%20en%20Alaus%C3%AD:%2057%20familias%20damnificadas%20y%20m%C3%A1s%20de%2060%20evacuados&url=https://www.primicias.ec/noticias/sociedad/alausi-aluvion-declaracion-emergencia-multitud/,https://www.facebook.com/sharer/sharer.php?u=https://www.primicias.ec/noticias/sociedad/alausi-aluvion-declaracion-emergencia-multitud/,https://api.whatsapp.com/send?text=Emergencia%20en%20Alaus%C3%AD:%2057%20familias%20damnificadas%20y%20m%C3%A1s%20de%2060%20evacuados%20-%20https://www.primicias.ec/noticias/sociedad/alausi-aluvion-declaracion-emergencia-multitud/,https://www.primicias.ec/politica-de-cookies/,https://www.primicias.ec/aviso-de-privacidad/,https://www.primicias.ec/tratamiento-de-datos/,https://www.facebook.com/PrimiciasEcuador,https://telegram.me/primiciasec,https://www.linkedin.com/company/primicias,https://twitter.com/intent/follow?source=followbutton&variant=1.0&screen_name=primicias,https://www.youtube.com/c/primiciasecuador,https://www.facebook.com/PrimiciasEcuador,https://www.primicias.ec/about-us/,https://www.primicias.ec/el-periodismo-comprometido/,https://news.google.com/publications/CAAiEFiFAQyumkqQ031OujJCh44qFAgKIhBYhQEMrppKkNN9TroyQoeO?hl=es-419&gl=MX&ceid=MX%3Aes-419,https://www.primicias.ec/jugada/eldeportequequeremos/,https://www.primicias.ec/noticias/jugada/tabla-posiciones-ligapro-ecuador2024/,https://www.primicias.ec/tags/,https://www.primicias.ec/aviso-de-privacidad/,https://www.primicias.ec/contacto/,https://www.primicias.ec/contacto-ventas/,https://www.primicias.ec/rss/home.xml",,
https://elmercurio.com.ec/2024/04/21/nuevo-aluvion-en-alausi-deja-heridos-y-viviendas-destruidas/, Nuevo aluvi√≥n en Alaus√≠ deja heridos y viviendas destruidas ,,,Aluvi√≥n,"Debido a las , cant√≥n de la provincia de Chimborazo, se desencaden√≥ un aluvi√≥n que impact√≥ severamente los recintos de Pi√±anpungo y El Citado. Inicialmente se inform√≥ sobre la  , sin embargo, seg√∫n se√±al√≥ la  s, todos los ciudadanos reportados fueron localizados. , una persona herida fue trasladada a una casa de salud por personal del Ministerio de Salud. 28 familias afectadas 28 viviendas afectadas 5 viviendas destruidas 1 persona herida La Secretar√≠a Nacional de Gesti√≥n de Riesgos puntualiz√≥ que estas cifras  res. 1 puente afectado 1 vivienda afectada 2 v√≠as de tercer orden cerradas 2 familias evacuadas Hace poco m√°s de un a√±o, el 26 de marzo del 2023, en Alaus√≠ se produjo , parte de la monta√±a se vino abajo, producto de las intensas lluvias en el sector  . El alud dej√≥ 65 fallecidos, 10 desaparecidos y 44 heridos.",Chimborazo,Alaus√≠,,,,28 familias afectadas,"El alud dej√≥ 65 fallecidos, 10 desaparecidos y 44 heridos.",,,,"/wp-content/uploads/2024/10/CABEZOTE-PG.-WEB-01.png,/wp-content/uploads/2024/10/ELMERCURIO_LOGO_B_EL-MERCURO_LOGO_B.png,/wp-content/uploads/2024/10/CABEZOTE-PG.-WEB-01.png,/wp-content/uploads/2024/10/ELMERCURIO_LOGO_B_EL-MERCURO_LOGO_B.png,data:image/png;base64,iVBORw0KGgoAAAANSUhEUgAAAAEAAAABAQMAAAAl21bKAAAAA1BMVEX///+nxBvIAAAAAXRSTlMAQObYZgAAAApJREFUCJljYAAAAAIAAfRxZKYAAAAASUVORK5CYII=,data:image/png;base64,iVBORw0KGgoAAAANSUhEUgAAAYYAAADcAQMAAABOLJSDAAAAA1BMVEUAAACnej3aAAAAAXRSTlMAQObYZgAAACJJREFUaIHtwTEBAAAAwqD1T20ND6AAAAAAAAAAAAAA4N8AKvgAAUFIrrEAAAAASUVORK5CYII=,data:image/png;base64,iVBORw0KGgoAAAANSUhEUgAAAAEAAAABAQMAAAAl21bKAAAAA1BMVEX///+nxBvIAAAAAXRSTlMAQObYZgAAAApJREFUCJljYAAAAAIAAfRxZKYAAAAASUVORK5CYII=,data:image/png;base64,iVBORw0KGgoAAAANSUhEUgAAAAEAAAABAQMAAAAl21bKAAAAA1BMVEX///+nxBvIAAAAAXRSTlMAQObYZgAAAApJREFUCJljYAAAAAIAAfRxZKYAAAAASUVORK5CYII=,data:image/png;base64,iVBORw0KGgoAAAANSUhEUgAAAYYAAADcAQMAAABOLJSDAAAAA1BMVEUAAACnej3aAAAAAXRSTlMAQObYZgAAACJJREFUaIHtwTEBAAAAwqD1T20ND6AAAAAAAAAAAAAA4N8AKvgAAUFIrrEAAAAASUVORK5CYII=,data:image/png;base64,iVBORw0KGgoAAAANSUhEUgAAAYYAAADcAQMAAABOLJSDAAAAA1BMVEUAAACnej3aAAAAAXRSTlMAQObYZgAAACJJREFUaIHtwTEBAAAAwqD1T20ND6AAAAAAAAAAAAAA4N8AKvgAAUFIrrEAAAAASUVORK5CYII=,data:image/png;base64,iVBORw0KGgoAAAANSUhEUgAAAYYAAADcAQMAAABOLJSDAAAAA1BMVEUAAACnej3aAAAAAXRSTlMAQObYZgAAACJJREFUaIHtwTEBAAAAwqD1T20ND6AAAAAAAAAAAAAA4N8AKvgAAUFIrrEAAAAASUVORK5CYII=,data:image/png;base64,iVBORw0KGgoAAAANSUhEUgAAAYYAAADcAQMAAABOLJSDAAAAA1BMVEUAAACnej3aAAAAAXRSTlMAQObYZgAAACJJREFUaIHtwTEBAAAAwqD1T20ND6AAAAAAAAAAAAAA4N8AKvgAAUFIrrEAAAAASUVORK5CYII=,data:image/png;base64,iVBORw0KGgoAAAANSUhEUgAAAYYAAADcAQMAAABOLJSDAAAAA1BMVEUAAACnej3aAAAAAXRSTlMAQObYZgAAACJJREFUaIHtwTEBAAAAwqD1T20ND6AAAAAAAAAAAAAA4N8AKvgAAUFIrrEAAAAASUVORK5CYII=,data:image/png;base64,iVBORw0KGgoAAAANSUhEUgAAAG4AAABLAQMAAACr9CA9AAAAA1BMVEX///+nxBvIAAAAAXRSTlMAQObYZgAAABZJREFUOI1jYMADmEe5o9xR7iiXQi4A4BsA388WUyMAAAAASUVORK5CYII=,data:image/png;base64,iVBORw0KGgoAAAANSUhEUgAAAG4AAABLAQMAAACr9CA9AAAAA1BMVEX///+nxBvIAAAAAXRSTlMAQObYZgAAABZJREFUOI1jYMADmEe5o9xR7iiXQi4A4BsA388WUyMAAAAASUVORK5CYII=,data:image/png;base64,iVBORw0KGgoAAAANSUhEUgAAAG4AAABLAQMAAACr9CA9AAAAA1BMVEX///+nxBvIAAAAAXRSTlMAQObYZgAAABZJREFUOI1jYMADmEe5o9xR7iiXQi4A4BsA388WUyMAAAAASUVORK5CYII=,data:image/png;base64,iVBORw0KGgoAAAANSUhEUgAAAG4AAABLAQMAAACr9CA9AAAAA1BMVEX///+nxBvIAAAAAXRSTlMAQObYZgAAABZJREFUOI1jYMADmEe5o9xR7iiXQi4A4BsA388WUyMAAAAASUVORK5CYII=,data:image/png;base64,iVBORw0KGgoAAAANSUhEUgAAAG4AAABLAQMAAACr9CA9AAAAA1BMVEX///+nxBvIAAAAAXRSTlMAQObYZgAAABZJREFUOI1jYMADmEe5o9xR7iiXQi4A4BsA388WUyMAAAAASUVORK5CYII=,data:image/png;base64,iVBORw0KGgoAAAANSUhEUgAAAYYAAADcAQMAAABOLJSDAAAAA1BMVEUAAACnej3aAAAAAXRSTlMAQObYZgAAACJJREFUaIHtwTEBAAAAwqD1T20ND6AAAAAAAAAAAAAA4N8AKvgAAUFIrrEAAAAASUVORK5CYII=","//www.facebook.com/sharer.php?u=https://elmercurio.com.ec/2024/04/21/nuevo-aluvion-en-alausi-deja-heridos-y-viviendas-destruidas/,//twitter.com/intent/tweet?text=Nuevo%20aluvi%C3%B3n%20en%20Alaus%C3%AD%20deja%20heridos%20y%20viviendas%20destruidas&url=https://elmercurio.com.ec/2024/04/21/nuevo-aluvion-en-alausi-deja-heridos-y-viviendas-destruidas/,http://3.88.138.185/2023/03/26/derrumbe-deja-casas-sepultadas/,//www.facebook.com/sharer.php?u=https://elmercurio.com.ec/2024/04/21/nuevo-aluvion-en-alausi-deja-heridos-y-viviendas-destruidas/,//twitter.com/intent/tweet?text=Nuevo%20aluvi%C3%B3n%20en%20Alaus%C3%AD%20deja%20heridos%20y%20viviendas%20destruidas&url=https://elmercurio.com.ec/2024/04/21/nuevo-aluvion-en-alausi-deja-heridos-y-viviendas-destruidas/,//www.facebook.com/sharer.php?u=https://elmercurio.com.ec/2024/04/21/nuevo-aluvion-en-alausi-deja-heridos-y-viviendas-destruidas/,//twitter.com/intent/tweet?text=Nuevo%20aluvi%C3%B3n%20en%20Alaus%C3%AD%20deja%20heridos%20y%20viviendas%20destruidas&url=https://elmercurio.com.ec/2024/04/21/nuevo-aluvion-en-alausi-deja-heridos-y-viviendas-destruidas/,fb-messenger://share/?app_id=5303202981&display=popup&link=https://elmercurio.com.ec/2024/04/21/nuevo-aluvion-en-alausi-deja-heridos-y-viviendas-destruidas/&redirect_uri=https://elmercurio.com.ec/2024/04/21/nuevo-aluvion-en-alausi-deja-heridos-y-viviendas-destruidas/,//www.facebook.com/dialog/send?app_id=5303202981&display=popup&link=https://elmercurio.com.ec/2024/04/21/nuevo-aluvion-en-alausi-deja-heridos-y-viviendas-destruidas/&redirect_uri=https://elmercurio.com.ec/2024/04/21/nuevo-aluvion-en-alausi-deja-heridos-y-viviendas-destruidas/,//api.whatsapp.com/send?text=Nuevo%20aluvi%C3%B3n%20en%20Alaus%C3%AD%20deja%20heridos%20y%20viviendas%20destruidas%20https://elmercurio.com.ec/2024/04/21/nuevo-aluvion-en-alausi-deja-heridos-y-viviendas-destruidas/,mailto:?subject=Nuevo%20aluvi%C3%B3n%20en%20Alaus%C3%AD%20deja%20heridos%20y%20viviendas%20destruidas&body=https://elmercurio.com.ec/2024/04/21/nuevo-aluvion-en-alausi-deja-heridos-y-viviendas-destruidas/,//www.facebook.com/sharer.php?u=https://elmercurio.com.ec/2024/04/21/nuevo-aluvion-en-alausi-deja-heridos-y-viviendas-destruidas/,//twitter.com/intent/tweet?text=Nuevo%20aluvi%C3%B3n%20en%20Alaus%C3%AD%20deja%20heridos%20y%20viviendas%20destruidas&url=https://elmercurio.com.ec/2024/04/21/nuevo-aluvion-en-alausi-deja-heridos-y-viviendas-destruidas/,fb-messenger://share/?app_id=5303202981&display=popup&link=https://elmercurio.com.ec/2024/04/21/nuevo-aluvion-en-alausi-deja-heridos-y-viviendas-destruidas/&redirect_uri=https://elmercurio.com.ec/2024/04/21/nuevo-aluvion-en-alausi-deja-heridos-y-viviendas-destruidas/,//www.facebook.com/dialog/send?app_id=5303202981&display=popup&link=https://elmercurio.com.ec/2024/04/21/nuevo-aluvion-en-alausi-deja-heridos-y-viviendas-destruidas/&redirect_uri=https://elmercurio.com.ec/2024/04/21/nuevo-aluvion-en-alausi-deja-heridos-y-viviendas-destruidas/,mailto:?subject=Nuevo%20aluvi%C3%B3n%20en%20Alaus%C3%AD%20deja%20heridos%20y%20viviendas%20destruidas&body=https://elmercurio.com.ec/2024/04/21/nuevo-aluvion-en-alausi-deja-heridos-y-viviendas-destruidas/,//www.facebook.com/sharer.php?u=https://elmercurio.com.ec/2024/04/21/nuevo-aluvion-en-alausi-deja-heridos-y-viviendas-destruidas/,//twitter.com/intent/tweet?text=Nuevo%20aluvi%C3%B3n%20en%20Alaus%C3%AD%20deja%20heridos%20y%20viviendas%20destruidas&url=https://elmercurio.com.ec/2024/04/21/nuevo-aluvion-en-alausi-deja-heridos-y-viviendas-destruidas/,//api.whatsapp.com/send?text=Nuevo%20aluvi%C3%B3n%20en%20Alaus%C3%AD%20deja%20heridos%20y%20viviendas%20destruidas%20https://elmercurio.com.ec/2024/04/21/nuevo-aluvion-en-alausi-deja-heridos-y-viviendas-destruidas/,//telegram.me/share/url?url=https://elmercurio.com.ec/2024/04/21/nuevo-aluvion-en-alausi-deja-heridos-y-viviendas-destruidas/&text=Nuevo%20aluvi%C3%B3n%20en%20Alaus%C3%AD%20deja%20heridos%20y%20viviendas%20destruidas,viber://forward/?text=Nuevo%20aluvi%C3%B3n%20en%20Alaus%C3%AD%20deja%20heridos%20y%20viviendas%20destruidas%20https://elmercurio.com.ec/2024/04/21/nuevo-aluvion-en-alausi-deja-heridos-y-viviendas-destruidas/,/emclogin/?action=lostpassword&redirect_to=https%3A%2F%2Felmercurio.com.ec",,
https://www.vistazo.com/actualidad/nacional/nuevo-aluvion-en-alausi-hay-al-menos-30-familias-afectadas-DB7201511,Nuevo aluvi√≥n en Alaus√≠: hay al menos 30 familias afectadas ,,,Aluvi√≥n,,Chimborazo,Alaus√≠,,,," 1 puente afectado, 1 vivienda afectada, 2 v√≠as de tercer orden afectadas (cerrada), 2 familias afectadas evacuadas.",,,,,"https://www.vistazo.com/base-portlet/webrsrc/ctxvar/09cf4574-37e5-4ec5-a696-d723bcb7a274.png,https://suscripciones.vistazo.com/img/id/ic-user.svg,//www.vistazo.com/placeholder/svg/viewbox/768x432,https://codigomarret.online/upload/img/google-news-(1920-x-200-px).png,//www.vistazo.com/placeholder/svg/viewbox/768x432,//www.vistazo.com/placeholder/svg/viewbox/768x432,//www.vistazo.com/placeholder/svg/viewbox/767x432,//www.vistazo.com/placeholder/svg/viewbox/768x432,//www.vistazo.com/placeholder/svg/viewbox/768x432","https://suscripciones.vistazo.com/id/login/?continue=https%3A%2F%2Fwww.vistazo.com%2F,https://suscripciones.vistazo.com,https://vistazo.com/elecciones-seleccionales,https://www.vistazo.com/replica/pedido-de-replica-de-xavier-jordan-mendoza-AJ7812637,https://suscripciones.vistazo.com/,https://www.whatsapp.com/channel/0029VanKfgX96H4WkuWTji2W,https://www.vistazo.com/actualidad/nacional/finaliza-la-busqueda-de-victimas-del-deslave-en-alausi-y-se-declarara-la-zona-cero-como-camposanto-GD5410118,https://twitter.com/patynunezrCh/status/1782073315684765731/photo/2,https://news.google.com/publications/CAAqJQgKIh9DQklTRVFnTWFnMEtDM1pwYzNSaGVtOHVZMjl0S0FBUAE?hl=es-419&gl=US&ceid=US%3Aes-419",,
https://www.eltelegrafo.com.ec/noticias/nacionales/44/aluvion-en-alausi-la-secretaria-de-riesgos-atiende-la-emergencia-en-el-sector,,,,Aluvi√≥n,"Las autoridades de la Secretar√≠a Nacional de Gesti√≥n de Riesgos llegaron a atender el deslizamiento que ocurri√≥ en el km 13 de la v√≠a Bucay - Pallatanga. En el sitio colaps√≥ uno de los ductos que conectan a la v√≠a y se produjo un aluvi√≥n. Jorge Carrillo, director nacional de esta secretar√≠a, lleg√≥ al sitio v√≠a terrestre en horas de la tarde de este domingo, 21 de abril de 2024.    Estos sectores no ser√≠an los √∫nicos que sufrieron da√±os, destac√≥ el secretario de Riesgos, Jorge Carrillo. Sin embargo, el gobierno ha dispuesto que se brinde todo el contingente y la ayuda t√©cnica para solventar el deslizamiento causado por las intensas lluvias.  Los primeros reportes de esta cartera de Estado se entregaron a las 07:46 de este domingo, 21 de abril de 2024. ‚ÄúExisten viviendas en riesgo y un puente afectado; las personas damnificadas fueron evacuadas a sitios seguros‚Äù, se explic√≥ en la cuenta de X. ? Comunicado  Deslizamiento de la mesa vial en la E 487 en el cant√≥n  , sector Cruz de Hueso.  En una actualizaci√≥n se report√≥ que el Cuerpo de Bomberos realiza labores de b√∫squeda y rescate de una mujer de 35 a√±os que fue arrastrada por el r√≠o.  El balance con corte a las 06:40 del 24 de abril de 2024 que indica: Pi√±anpungo: 1 puente afectado¬† 1 vivienda afectada¬† 2 v√≠as de tercer orden afectadas (cerrada) 2 familias afectadas evacuadas. El Citado: 4 hect√°reas de cultivo afectados. 6 hect√°reas de cultivos destruidos. 15 animales afectados. *55 familias afectadas.* 200 personas afectadas. 1 persona herida. *93 personas evacuadas (38 personas Escuela Pablo Arenas, 31 personas Iglesia Evang√©lica, 24 personas Familiares de Acogida).* 12 viviendas afectadas 6 viviendas destruidas 4 puentes destruidos. 1 Unidad Educativa afectada (U.E Carlos Calero Gallegos). 1 Bien p√∫blico destruido (iglesia). *10 Bienes p√∫blicos afectados (6 Postes de luz y 2 transformadores, 1 casa comunal y 1 cancha comunitaria)* *Sistema el√©ctrico afectado en un 2%* *17 bienes privados afectados (15 motos, 1 cami√≥n, 1 auto).* El Gobierno Nacional, a trav√©s de  , liderado por  , se hace presente desde el primer momento de la emergencia suscitada por un aluvi√≥n y varios deslizamientos en la v√≠a E-483, de la parroquia Multitud del cant√≥n  . ??",Chimborazo,Alaus√≠,,,,2 v√≠as de tercer orden afectadas (cerrada),,,,,"/images/sitio/logotipo.gif,/media/k2/items/cache/02cdd064e128958d2f2da474e5935270_XL.jpg,/images/Fotos_ElTelegrafo/sitio/ecuadortvenvivo.jpg,/images/Fotos_ElTelegrafo/Banners/2024/banner-web-11.png,https://www.eltelegrafo.com.ec/images/sitio/logoFooter.png","https://www.eltelegrafo.com.ec/,https://www.facebook.com/diarioeltelegrafo,https://twitter.com/el_telegrafo,https://www.youtube.com/user/eltelegrafoec,https://instagram.com/el_telegrafo/,https://whatsapp.com/channel/0029VaRdwplFy72KLLL1Ua2g,https://www.facebook.com/sharer.php?u=https://tinyurl.com/2ycagucn&t=Aluvi%C3%B3n+en+Alaus%C3%AD%3A+la+Secretar%C3%ADa+de+Riesgos+atiende+la+emergencia+en+el+sector,https://twitter.com/share?url=https://tinyurl.com/2ycagucn&text=Aluvi%C3%B3n+en+Alaus%C3%AD%3A+la+Secretar%C3%ADa+de+Riesgos+atiende+la+emergencia+en+el+sector,whatsapp://send?text=Revisa esta noticia interesante: Aluvi%C3%B3n+en+Alaus%C3%AD%3A+la+Secretar%C3%ADa+de+Riesgos+atiende+la+emergencia+en+el+sector https://tinyurl.com/2ycagucn,https://whatsapp.com/channel/0029VaRdwplFy72KLLL1Ua2g,https://twitter.com/hashtag/Cumand%C3%A1?src=hash&ref_src=twsrc%5Etfw,https://t.co/addGLG5exK,https://twitter.com/Riesgos_Ec/status/1782128688449950112?ref_src=twsrc%5Etfw,https://twitter.com/hashtag/Chimborazo?src=hash&ref_src=twsrc%5Etfw,https://twitter.com/Riesgos_Ec?ref_src=twsrc%5Etfw,https://twitter.com/Jorge_CarrilloT?ref_src=twsrc%5Etfw,https://twitter.com/hashtag/Alaus%C3%AD?src=hash&ref_src=twsrc%5Etfw,https://twitter.com/hashtag/EcuadorResiliente?src=hash&ref_src=twsrc%5Etfw,https://t.co/EeioYrDXw9,https://twitter.com/Riesgos_Ec/status/1782170485695852736?ref_src=twsrc%5Etfw,https://whatsapp.com/channel/0029VaRdwplFy72KLLL1Ua2g,https://twitter.com/el_telegrafo?ref_src=twsrc%5Etfw?ref_src=twsrc%5Etfw,https://www.eltelegrafo.com.ec/,https://www.facebook.com/diarioeltelegrafo,https://twitter.com/el_telegrafo,https://www.youtube.com/user/eltelegrafoec,https://instagram.com/el_telegrafo/",,
https://laprensa.com.ec/aluvion-en-alausi-que-se-registro-este-21-de-abril/,Aluvi√≥n en Alaus√≠ destruye viviendas y v√≠as que conectan a la Costa,2024-04-21T11:02:51-05:00,,Aluvi√≥n,"Personal de la Secretar√≠a Nacional de Gesti√≥n de Riesgos realiz√≥ la evacuaci√≥n de personas en los recintos  , en Alaus√≠, a causa de un aluvi√≥n que se registr√≥ este 21 de abril de 2024. A causa de este percance, varias viviendas quedaron en  e del sector vio afectado. Las personas que viven en el sector fueron llevados a sectores seguros. Pese a la acci√≥n de las autoridades, se registraron novedades en cuanto a los moradores de la , en la misma zona. ‚ö†Ô∏è Atenci√≥n  üìç Debido a las lluvias presentes en el sector, se produjo un aluvi√≥n que afecto a los recintos de Pi√±anpungo y El Citado, en el cant√≥n  , existen viviendas en riesgo y un puente afectado, las personas en riesgo fueron evacuadas a sitios seguros. ‚ÄúSe reportan  , veh√≠culos por el desbordamiento de la quebrada La Palma, una persona herida y se reportan personas desaparecidas‚Äù, inform√≥ la cartera de Estado, sin precisar el n√∫mero de desaparecidos.  Minutos despu√©s, la Secretar√≠a inform√≥ que los   con vida y puestos a buen recaudo. Las afectaciones en  fueron: Las afectaciones en   fueron: Por las fuertes lluvias de este 21 de abril, el   registr√≥ un crecimiento desmedido de su causal, lo que repersuti√≥ en la ca√≠da de un muro. Autoridades informaron que la v√≠a  , pues la crecida ha interrumpido el paso de los veh√≠culos, desde buses hasta autom√≥viles.  üì∑  | Debido a las lluvias en   y  , se produjo un aluvi√≥n que afecto a varios sectores como El Citado y Pi√±anpungo.",Chimborazo,Alaus√≠,,,,,,,,,"https://www.laprensa.com.ec/wp-content/uploads/2024/12/LOGO_PRENSA_BLANCO-300x69.png,https://www.laprensa.com.ec/wp-content/uploads/2024/12/LOGO_PRENSA_BLANCO-300x69.png,https://www.laprensa.com.ec/wp-content/uploads/2024/12/LOGO_PRENSA_BLANCO-300x69.png,http://54.163.33.106/wp-content/uploads/2024/04/WhatsApp-Image-2024-04-21-at-8.57.13-AM.webp,http://54.163.33.106/wp-content/uploads/2024/04/Whatsapp_37229-2.png,http://54.163.33.106/wp-content/uploads/2024/04/telegram_logo_circle_icon_134012-3.png,http://54.163.33.106/wp-content/uploads/2024/06/GOOGLE-NEWS.jpg,https://laprensa.com.ec/wp-content/uploads/2024/09/18-100x100.jpg,data:image/png;base64,iVBORw0KGgoAAAANSUhEUgAAANoAAACWAQMAAACCSQSPAAAAA1BMVEWurq51dlI4AAAAAXRSTlMmkutdmwAAABpJREFUWMPtwQENAAAAwiD7p7bHBwwAAAAg7RD+AAGXD7BoAAAAAElFTkSuQmCC,data:image/png;base64,iVBORw0KGgoAAAANSUhEUgAAANoAAACWAQMAAACCSQSPAAAAA1BMVEWurq51dlI4AAAAAXRSTlMmkutdmwAAABpJREFUWMPtwQENAAAAwiD7p7bHBwwAAAAg7RD+AAGXD7BoAAAAAElFTkSuQmCC,data:image/png;base64,iVBORw0KGgoAAAANSUhEUgAAANoAAACWAQMAAACCSQSPAAAAA1BMVEWurq51dlI4AAAAAXRSTlMmkutdmwAAABpJREFUWMPtwQENAAAAwiD7p7bHBwwAAAAg7RD+AAGXD7BoAAAAAElFTkSuQmCC,https://www.laprensa.com.ec/wp-content/uploads/2024/12/LOGO_PRENSA_BLANCO-300x69.png","https://www.facebook.com/prensariobamba/,https://www.instagram.com/laPrensaChimborazo,https://twitter.com/LaPrensaInforma,https://www.youtube.com/channel/UCP67wegDPBopaWG5cOFc0Mw,https://laprensa.com.ec/la-prensa-acceder/,https://laprensa.com.ec/,https://laprensa.com.ec/category/actualidad/,https://laprensa.com.ec/sectores/,https://laprensa.com.ec/category/nacional/,https://laprensa.com.ec/category/chimborazo/,https://laprensa.com.ec/category/ciudad/,https://laprensa.com.ec/category/cronica/,https://laprensa.com.ec/category/deporte/,https://laprensa.com.ec/obituarios-riobamba/,https://laprensa.com.ec/clasificados-riobamba/,https://laprensa.com.ec/newsletters-diario-la-prensa/,https://laprensa.com.ec/planes-suscripciones/,https://www.facebook.com/prensariobamba/,https://www.instagram.com/laPrensaChimborazo,https://twitter.com/LaPrensaInforma,https://www.youtube.com/channel/UCP67wegDPBopaWG5cOFc0Mw,https://laprensa.com.ec/,https://laprensa.com.ec/,https://laprensa.com.ec/,https://laprensa.com.ec/la-prensa-acceder/,https://laprensa.com.ec/,https://laprensa.com.ec/category/actualidad/,https://laprensa.com.ec/sectores/,https://laprensa.com.ec/category/nacional/,https://laprensa.com.ec/category/chimborazo/,https://laprensa.com.ec/category/ciudad/,https://laprensa.com.ec/category/cronica/,https://laprensa.com.ec/category/deporte/,https://laprensa.com.ec/obituarios-riobamba/,https://laprensa.com.ec/clasificados-riobamba/,https://laprensa.com.ec/newsletters-diario-la-prensa/,https://laprensa.com.ec/planes-suscripciones/,https://laprensa.com.ec/,https://laprensa.com.ec/category/chimborazo/,https://laprensa.com.ec/category/chimborazo/,https://laprensa.com.ec/category/ultima-hora/,https://laprensa.com.ec/author/cparedes/,https://laprensa.com.ec/aluvion-en-alausi-que-se-registro-este-21-de-abril/#respond,https://www.facebook.com/sharer.php?u=https%3A%2F%2Flaprensa.com.ec%2Faluvion-en-alausi-que-se-registro-este-21-de-abril%2F,https://twitter.com/intent/tweet?text=Aluvi%C3%B3n+en+Alaus%C3%AD+destruye+viviendas+y+v%C3%ADas+que+conectan+a+la+Costa&url=https%3A%2F%2Flaprensa.com.ec%2Faluvion-en-alausi-que-se-registro-este-21-de-abril%2F&via=Diario+La+Prensa+Riobamba,https://api.whatsapp.com/send?text=Aluvi%C3%B3n+en+Alaus%C3%AD+destruye+viviendas+y+v%C3%ADas+que+conectan+a+la+Costa %0A%0A https://laprensa.com.ec/aluvion-en-alausi-que-se-registro-este-21-de-abril/,https://laprensa.com.ec/aluvion-en-alausi-que-se-registro-este-21-de-abril/,http://54.163.33.106,https://twitter.com/hashtag/Chimborazo?src=hash&ref_src=twsrc%5Etfw,https://twitter.com/hashtag/Alaus%C3%AD?src=hash&ref_src=twsrc%5Etfw,https://twitter.com/Riesgos_Ec/status/1782028158704763208?ref_src=twsrc%5Etfw,https://twitter.com/hashtag/Atenci%C3%B3n?src=hash&ref_src=twsrc%5Etfw,https://twitter.com/hashtag/Alaus%C3%AD?src=hash&ref_src=twsrc%5Etfw,https://twitter.com/hashtag/Pallatanga?src=hash&ref_src=twsrc%5Etfw,https://t.co/2Ch7ih4yJe,https://t.co/E0Lf684gT8,https://twitter.com/LaPrensaInforma/status/1782088176728703283?ref_src=twsrc%5Etfw,https://whatsapp.com/channel/0029VaWFMVMEawdwI7MXg21e,https://t.me/laprensachimborazo,https://news.google.com/publications/CAAqKggKIiRDQklTRlFnTWFoRUtEMnhoY0hKbGJuTmhMbU52YlM1bFl5Z0FQAQ?ceid=US:es-419&oc=3,https://laprensa.com.ec/tag/alausi/,https://laprensa.com.ec/tag/aluvion-alausi/,https://laprensa.com.ec/tag/chimborazo/,https://laprensa.com.ec/tag/noticias-chimborazo/,https://laprensa.com.ec/tag/noticias-riobamba/,https://laprensa.com.ec/tag/riobamba/,https://laprensa.com.ec/tag/vias-a-la-costa/,https://laprensa.com.ec/consulta-popular-consulte-lugar-votacion/,https://laprensa.com.ec/consulta-popular-2024-reportan-que-el-si-gana-en-nueve-preguntas-de-las-11-planteadas/,https://laprensa.com.ec/author/cparedes/,https://laprensa.com.ec/author/cparedes/,https://laprensa.com.ec/conformacion-de-la-asamblea-nacional-tras-elecciones-2025/,https://laprensa.com.ec/conformacion-de-la-asamblea-nacional-tras-elecciones-2025/,https://laprensa.com.ec/daniel-noboa-se-pronuncia-tras-resultados-de-las-elecciones-2025/,https://laprensa.com.ec/daniel-noboa-se-pronuncia-tras-resultados-de-las-elecciones-2025/,https://laprensa.com.ec/cne-anuncia-que-ecuador-tendra-segunda-vuelta/,https://laprensa.com.ec/cne-anuncia-que-ecuador-tendra-segunda-vuelta/,https://laprensa.com.ec/,https://www.facebook.com/prensariobamba/,https://www.instagram.com/laPrensaChimborazo,https://twitter.com/LaPrensaInforma,https://www.youtube.com/channel/UCP67wegDPBopaWG5cOFc0Mw",,
https://www.metroecuador.com.ec/noticias/2024/04/21/por-que-se-dio-el-aluvion-en-la-parroquia-multitud-en-alausi/,¬øPor qu√© se dio el aluvi√≥n en la parroquia Multitud en Alaus√≠?,2024-04-21T18:46:10.159Z,,Aluvi√≥n,"El   inform√≥ que tras el seguimiento dado al aluvi√≥n suscitado en la parroquia Multitud en Alaus√≠, provincia de Chimborazo, que como antecedentes se conoci√≥ que por lluvias registradas en el cant√≥n, se suscit√≥ un deslizamiento que obstaculiza totalmente la v√≠a de primer orden que al momento se encuentra cerrada. PUBLICIDAD La Secretaria Nacional de Gesti√≥n de Riesgos coordin√≥ con el Ministerio de Transporte y Obras P√∫blicas (MTOP) maquinaria para que realicen los trabajos de limpieza de la v√≠a.  Asimismo, existi√≥ coordinaci√≥n con los GADS de Pallatanga y Cumand√° para que apoye con maquinar y se realice los trabajos de limpieza de la v√≠a la v√≠a se encuentra cerrada. Las v√≠as alternas son: Riobamba ‚Äì Guaranda ‚Äì Babahoyo ‚Äì Guayaquil. Un nuevo aluvi√≥n impact√≥ en el cant√≥n de Alaus√≠. Tambi√©n se han reportado da√±os en viviendas de la zona esto es lo que se sabe sobre los heridos por este suceso. Seg√∫n la cuenta oficial de la   en sus redes sociales, indicaron que, ‚Äúdebido a las lluvias presentes en el sector, se produjo un aluvi√≥n que afecto a los recintos de Pi√±anpungo y El Citado, existen viviendas en riesgo y un puente afectado, las personas en riesgo fueron evacuadas a sitios seguros‚Äù. PUBLICIDAD",Chimborazo,Alaus√≠,,,,,,,,,"/pf/resources/img/logos/metro_dark-bg.svg?d=619,https://www.metroworldnews.com/resizer/v2/3FJV7LPXT5H7RFR3PMOUEJYGIU.png?smart=true&auth=de7e78f1e4b4e1443be4d433d6ce32381d46153a60b319210908d9df1ca3a69b&width=90&height=90,https://www.metroecuador.com.ec/resizer/v2/GXXEXSHP2NAWJBKZX4NZIMJWHU.jpeg?smart=true&auth=261216c9f747bd87574d860802a165a5aec16d97ff1f5b95f06338703a8e92ff&width=720&height=405,https://www.metroecuador.com.ec/resizer/v2/DIRTGH2OQFHWPHPVRWEOEF4ZAE.png?auth=211b93a4580f7458903d22458c2c62afa5f8d98506c411ea81e6b7ca43faf405&width=800&height=509,https://www.metroecuador.com.ec/resizer/v2/FLEPFCLSAFDTBFN74QRRDPMYBE.png?smart=true&auth=1ba1716f4b5ee35902c0e17ef0cc94662f3bbf229dc7a7af333c2a10b3e75348&width=1388&height=925,https://www.metroecuador.com.ec/resizer/v2/NACPLLK2ZJFVRE6RWQQN5CQUGA.jpg?smart=true&auth=285b45ec91d7aa370aa78afd188170b2a0794e93a790657ed215788f9b405c1a&width=1920&height=1280,https://www.metroecuador.com.ec/resizer/v2/LSESWMPYOFBNNFZNEM3JJAPSEA.png?smart=true&auth=0df24811c0ef5c79280c2d591ca1fbbff01be7faa2dd356895cf14485b42a141&width=1202&height=801","https://api.whatsapp.com/send?text=%C2%BFPor%20qu%C3%A9%20se%20dio%20el%20aluvi%C3%B3n%20en%20la%20parroquia%20Multitud%20en%20Alaus%C3%AD%3F - https://www.metroecuador.com.ec/noticias/2024/04/21/por-que-se-dio-el-aluvion-en-la-parroquia-multitud-en-alausi/,https://twitter.com/BomberosQuito,https://twitter.com/Riesgos_Ec,https://www.metroecuador.com.ec/noticias/2025/02/10/como-celebrar-san-valentin-en-cuenca/?utm_source=recomendados&utm_medium=posicion_1,https://www.metroecuador.com.ec/noticias/2025/02/10/como-celebrar-san-valentin-en-cuenca/?utm_source=recomendados&utm_medium=posicion_1,https://www.metroecuador.com.ec/noticias/2025/02/10/revelan-video-del-momento-en-que-sujetos-abordaron-a-julio-vaca-en-su-vehiculo-en-el-sur-de-quito/?utm_source=recomendados&utm_medium=posicion_2,https://www.metroecuador.com.ec/noticias/2025/02/10/revelan-video-del-momento-en-que-sujetos-abordaron-a-julio-vaca-en-su-vehiculo-en-el-sur-de-quito/?utm_source=recomendados&utm_medium=posicion_2,https://www.metroecuador.com.ec/noticias/2025/02/10/detienen-al-sospechoso-de-asesinar-a-jimmy-ruiz-asesor-del-cpccs-cuando-fue-a-votar/?utm_source=recomendados&utm_medium=posicion_3,https://www.metroecuador.com.ec/noticias/2025/02/10/detienen-al-sospechoso-de-asesinar-a-jimmy-ruiz-asesor-del-cpccs-cuando-fue-a-votar/?utm_source=recomendados&utm_medium=posicion_3,https://bit.ly/4eJAtW5",,
https://diariocorreo.com.ec/97407/portada/declaran-emergencia-en-alausi-por-aluvion-que-deja-200-afectados-y-6-viviendas-destruidas,"
                ",,,Aluvi√≥n,"El Comit√© de Operaciones de Emergencia (COE) de Alaus√≠ dispuso la declaraci√≥n de emergencia cantonal debido a los da√±os ocasionados por el aluvi√≥n registrado el domingo, 21 de abril. Este desastre natural derivado de las recientes lluvias afect√≥ sobre todo a los recintos Pi√±anpungo y El Citado. Inicialmente, en Pi√±anungo se present√≥ da√±os en un puente, una vivienda, dos v√≠as de tercer orden y a su vez, dos familias fueron evacuadas. En El Citado se contabilizaron da√±os mayores. Hasta la medianoche del domingo, el Gobierno hizo un balance de las afectaciones. En El Citado hubo 55 familias damnificadas, y la evacuaci√≥n de 60 personas. En total se reportaron 200 personas afectadas y una persona herida en El Citado. En cuanto a infraestructura, un total de 6 viviendas quedaron destruidas, otras seis tienen p√©rdida parcial, mientras 4 viviendas mantienen afectaciones leves y 2 est√°n en peligro de colapso. Producto del evento natural, adem√°s, hubo afectaciones en un plantel educativo, una iglesia, seis postes de alumbrado p√∫blico y 11 bienes privados (10 motos y un auto), de acuerdo a un informe de la Secretar√≠a de Riesgos. Tambi√©n, en vialidad, en la v√≠a El Citado hay da√±os, al igual que en 7 caminos vecinales y ocho alcantarillas de 1.500 mil√≠metros. En el sitio, Jorge Carrillo, principal de Gesti√≥n de Riesgos (SGR) expuso que se activaron dos albergues temporales para las 55 familias afectadas por este aluvi√≥n. Con corte a las 22:00 del domingo hab√≠an 7 familias alojadas en los dos albergues y otro grupo familiar en una casa de acogida. Funcionarios de distintas Carteras de Estado, como Obras P√∫blicas, Riesgos, Vivienda y Inclusi√≥n Social, junto a polic√≠as y militares debieron caminar por varias horas para colaborar en la gesti√≥n de ayuda, asistencia y traslado de los afectados a sitios seguros. ‚ÄúVamos a seguir evacuando a las personas juntos a Polic√≠a Nacional y Fuerzas Armadas, est√°n articulando para que estas personas no sufran de delincuencia, producto de que se roban enseres; est√°n precautelando la seguridad‚Äù, dijo el director de Riesgos. Por ahora, se prev√© la entrega de asistencia humanitaria a los afectados y la activaci√≥n del Comit√© de Operaciones Provincial de Chimborazo, debido a la grave situaci√≥n. El domingo anterior, el prefecto de Chimborazo, Hermal Tayupanda, quien realiz√≥ inspecciones en los sitios, expuso que hab√≠a un grave problema por la falta de paso en la v√≠a Multitud-Pallantanga-Cumand√°-Guayaquil. Solo en la v√≠a hubo 14 tramos con deslizamientos. Hasta este lunes, maquinaria pesada continuaba realizando maniobras y remoci√≥n de tierra para habilitar el paso. En un informe, la entidad expuso que en un tramo no existe la mesa asf√°ltica y varios lugares a√∫n estaban bloqueado por los continuos deslizamientos. ‚ÄúLa v√≠a se encuentra a√∫n en mal estado‚Äù, se indic√≥ de parte del gobierno provincial. FUENTE:",Chimborazo,Alaus√≠,,,,"En El Citado hubo 55 familias damnificadas, y la evacuaci√≥n de 60 personas. En total se reportaron 200 personas afectadas y una persona herida en El Citado.",,,,,"https://diariocorreo.com.ec/public/img/campanas/2024-06-28--13-19-25/salud.gif,https://diariocorreo.com.ec/img/publicidad/p2.jpg,https://diariocorreo.com.ec/img/logoblanco.png,https://diariocorreo.com.ec/public/img/uploads/2024-04-22--11-14-24/captura-de-pantalla-2024-04-22-114402jpg,https://diariocorreo.com.ec/public/img/uploads/2024-04-22--11-14-24/captura-de-pantalla-2024-04-22-114428jpg,https://diariocorreo.com.ec/img/publicidad/baner2.jpg,https://diariocorreo.com.ec/img/publicidad/baner2.jpg,https://diariocorreo.com.ec/img/publicidad/bingomia1.gif,https://diariocorreo.com.ec/img/publicidad/suscripcion1web.jpg,https://diariocorreo.com.ec/public/img/suplementos/deportivo_2023_07_03/1.jpg,https://diariocorreo.com.ec/public/img/suplementos/tendencias_2023_07_03/1.jpg,https://diariocorreo.com.ec/public/img/suplementos/tendencias_2023_06_26/1.jpg,https://diariocorreo.com.ec/public/img/suplementos/tendencias_2023_06_19/1.jpg,https://diariocorreo.com.ec/img/publicidad/suscripcion1web.jpg,https://diariocorreo.com.ec/img/publicidad/suscripcion1web.jpg,https://diariocorreo.com.ec/public/img/caricaturas/2025-02-10--03-01-41/car.jpg,https://diariocorreo.com.ec/img/publicidad/suscripcion1web.jpg,https://diariocorreo.com.ec/public/img/campanas/2024-07-08--09-28-59/grupowhapp.jpeg","https://diariocorreo.com.ec/p/77-SALUD,https://diariocorreo.com.ec,https://diariocorreo.com.ec/portada,https://diariocorreo.com.ec/ciudad,https://diariocorreo.com.ec/nacional,https://diariocorreo.com.ec/internacional,https://diariocorreo.com.ec/cantonal,https://diariocorreo.com.ec/opinion,https://diariocorreo.com.ec/deportes,https://diariocorreo.com.ec/sucesos,https://diariocorreo.com.ec/clasificados,https://www.facebook.com/diariocorreoecuador,https://twitter.com/diariocorreoweb,https://www.instagram.com/diariocorreoweb/,https://www.youtube.com/channel/UC7R274F55IGErrBBkN2DFZQ,https://diariocorreo.com.ec/contactos,https://diariocorreo.com.ec/93077/ciudad/codigo-de-etica-de-editorial-del-sur-cia-ltda-para-el-edicion-de-diario-correo-el-diario-de-todos,https://diariocorreo.com.ec/portada,https://diariocorreo.com.ec/97407/portada/declaran-emergencia-en-alausi-por-aluvion-que-deja-200-afectados-y-6-viviendas-destruidas,http://www.eluniverso.com,https://bit.ly/m/sorteosmia,https://diariocorreo.com.ec/suplementos/deportivo_2023_07_03,https://diariocorreo.com.ec/suplementos/tendencias_2023_07_03,https://diariocorreo.com.ec/suplementos/tendencias_2023_06_26,https://diariocorreo.com.ec/suplementos/tendencias_2023_06_19,https://diariocorreo.com.ec/p/85-SIGUENOS,https://diariocorreo.com.ec/contactos,https://diariocorreo.com.ec/codigo,https://diariocorreo.com.ec/",,
https://www.eltelegrafo.com.ec/noticias/seguridad/44/55-familias-reciben-atencion-despues-del-aluvion-en-alausi,,,,Aluvi√≥n,"La Secretar√≠a de Gesti√≥n de Riesgos actualiz√≥ el balance sobre lo ocurrido en Alaus√≠ despu√©s del aluvi√≥n registrado ayer, 22 de abril de 2024. El secretario de Gesti√≥n de Riesgos, Jorge Carrillo, inform√≥ que se activaron dos alojamientos temporales y hay 60 evacuados. El Secretario dijo que hasta altas horas de ayer se equiparon dichos alojamientos. Adem√°s se levant√≥ informaci√≥n sobre la situaci√≥n de los afectados para la entrega de un bono de USD 280 que est√° a cargo del Ministerio ¬†de Inclusi√≥n Econ√≥mica y Social (MIES). El servicio el√©ctrico tambi√©n se encuentra suspendido. Carrillo dijo que los postes de luz se cayeron por el fen√≥meno natural. Est√° previsto que hoy se trasladen los materiales para solventar la falta de energ√≠a. De acuerdo con la informaci√≥n de la Secretar√≠a de Riesgos, las fuertes lluvias ocasionaron deslizamientos que no se hab√≠an registrado antes. Adem√°s, hay interrupciones en tres puntos de la v√≠a Cumand√° con direcci√≥n hacia Riobamba. Este es el √∫ltimo reporte de la Secretar√≠a de Riesgos sobre Alaus√≠, con corte al mi√©rcoles, 24 de abril de 2024: 1 puente afectado  1 vivienda afectada  2 v√≠as de tercer orden afectadas (cerrada) 2 familias afectadas evacuadas. 4 hect√°reas de cultivo afectados. 6 hect√°reas de cultivos destruidos. 15 animales afectados. 55 familias afectadas. 200 personas afectadas. 1 persona herida. 93 personas evacuadas (38 personas Escuela Pablo Arenas, 31 personas Iglesia Evang√©lica, 24 personas Familiares de Acogida). 12 viviendas afectadas 6 viviendas destruidas 4 puentes destruidos. 1 Unidad Educativa afectada (U.E Carlos Calero Gallegos). 1 Bien p√∫blico destruido (iglesia). 10 Bienes p√∫blicos afectados (6 Postes de luz y 2 transformadores, 1 casa comunal y 1 cancha comunitaria) Sistema el√©ctrico afectado en un 2% 17 bienes privados afectados (15 motos, 1 cami√≥n, 1 auto).",Chimborazo,Alaus√≠,,,,,,,,,"/images/sitio/logotipo.gif,/media/k2/items/cache/3cf8bbe3f4d7a233d4d9551a4977f3f4_XL.jpg,/images/Fotos_ElTelegrafo/sitio/ecuadortvenvivo.jpg,/images/Fotos_ElTelegrafo/Banners/2024/banner-web-11.png,https://www.eltelegrafo.com.ec/images/sitio/logoFooter.png","https://www.eltelegrafo.com.ec/,https://www.facebook.com/diarioeltelegrafo,https://twitter.com/el_telegrafo,https://www.youtube.com/user/eltelegrafoec,https://instagram.com/el_telegrafo/,https://whatsapp.com/channel/0029VaRdwplFy72KLLL1Ua2g,https://www.facebook.com/sharer.php?u=https://tinyurl.com/27cvxgy5&t=55+familias+reciben+atenci%C3%B3n+despu%C3%A9s+del+aluvi%C3%B3n+en+Alaus%C3%AD,https://twitter.com/share?url=https://tinyurl.com/27cvxgy5&text=55+familias+reciben+atenci%C3%B3n+despu%C3%A9s+del+aluvi%C3%B3n+en+Alaus%C3%AD,whatsapp://send?text=Revisa esta noticia interesante: 55+familias+reciben+atenci%C3%B3n+despu%C3%A9s+del+aluvi%C3%B3n+en+Alaus%C3%AD https://tinyurl.com/27cvxgy5,https://whatsapp.com/channel/0029VaRdwplFy72KLLL1Ua2g,https://whatsapp.com/channel/0029VaRdwplFy72KLLL1Ua2g,https://twitter.com/el_telegrafo?ref_src=twsrc%5Etfw?ref_src=twsrc%5Etfw,https://www.eltelegrafo.com.ec/,https://www.facebook.com/diarioeltelegrafo,https://twitter.com/el_telegrafo,https://www.youtube.com/user/eltelegrafoec,https://instagram.com/el_telegrafo/",,
https://www.teleamazonas.com/aluvion-alausi-personas-afectadas-heridos/,Aluvi√≥n en Alaus√≠ deja 29 familias afectadas y una persona herida,,,Aluvi√≥n,,Chimborazo,Alaus√≠,,,,,,,,,https://www.teleamazonas.com/wp-content/uploads/2024/03/cropped-LOGO-ta-NUEVO2.png,"https://www.teleamazonas.com/,https://www.teleamazonas.com/,https://www.teleamazonas.com/teleamazonas-en-vivo/,https://www.teleamazonas.com/,https://www.teleamazonas.com/categoria/noticias/,https://www.teleamazonas.com/categoria/noticias/24horas/,https://www.teleamazonas.com/categoria/noticias/las-entrevistas/,https://www.teleamazonas.com/categoria/noticias/noticias-nacionales/,https://www.teleamazonas.com/categoria/noticias/internacionales/,https://www.teleamazonas.com/videos/?s=%23Hora25,https://www.teleamazonas.com/categoria/tendencias/,https://www.teleamazonas.com/categoria/tendencias/dia-a-dia/,https://www.teleamazonas.com/el-buscador-en-red/,https://www.teleamazonas.com/el-after/,https://www.teleamazonas.com/categoria/tv/mccelebrityec/,https://www.teleamazonas.com/yo-me-llamo-ecuador/,https://www.teleamazonas.com/categoria/deportes/,https://www.teleamazonas.com/etiqueta/sinfonia-de-motores-2023/,https://www.teleamazonas.com/masterchef-celebrity-ecuador/,https://www.teleamazonas.com/el-after/,https://www.teleamazonas.com/100-ecuatorianos-dicen/,https://www.teleamazonas.com/ahora-caigo/,https://www.teleamazonas.com/teleamazonas-en-vivo/,https://www.teleamazonas.com/categoria/noticias/noticias-nacionales/,https://www.teleamazonas.com/categoria/noticias/,https://www.teleamazonas.com/categoria/portada2/,https://www.teleamazonas.com/aluvion-alausi-personas-afectadas-heridos/,https://www.teleamazonas.com/author/pd4dhgkx599h-la/,https://www.addtoany.com/add_to/facebook?linkurl=https%3A%2F%2Fwww.teleamazonas.com%2Faluvion-alausi-personas-afectadas-heridos%2F&linkname=Aluvi%C3%B3n%20en%20Alaus%C3%AD%20deja%2029%20familias%20afectadas%20y%20una%20persona%20herida,https://www.addtoany.com/add_to/x?linkurl=https%3A%2F%2Fwww.teleamazonas.com%2Faluvion-alausi-personas-afectadas-heridos%2F&linkname=Aluvi%C3%B3n%20en%20Alaus%C3%AD%20deja%2029%20familias%20afectadas%20y%20una%20persona%20herida,https://www.addtoany.com/add_to/whatsapp?linkurl=https%3A%2F%2Fwww.teleamazonas.com%2Faluvion-alausi-personas-afectadas-heridos%2F&linkname=Aluvi%C3%B3n%20en%20Alaus%C3%AD%20deja%2029%20familias%20afectadas%20y%20una%20persona%20herida,https://www.addtoany.com/add_to/facebook_messenger?linkurl=https%3A%2F%2Fwww.teleamazonas.com%2Faluvion-alausi-personas-afectadas-heridos%2F&linkname=Aluvi%C3%B3n%20en%20Alaus%C3%AD%20deja%2029%20familias%20afectadas%20y%20una%20persona%20herida,https://www.addtoany.com/add_to/telegram?linkurl=https%3A%2F%2Fwww.teleamazonas.com%2Faluvion-alausi-personas-afectadas-heridos%2F&linkname=Aluvi%C3%B3n%20en%20Alaus%C3%AD%20deja%2029%20familias%20afectadas%20y%20una%20persona%20herida,https://www.addtoany.com/add_to/email?linkurl=https%3A%2F%2Fwww.teleamazonas.com%2Faluvion-alausi-personas-afectadas-heridos%2F&linkname=Aluvi%C3%B3n%20en%20Alaus%C3%AD%20deja%2029%20familias%20afectadas%20y%20una%20persona%20herida,https://www.addtoany.com/share,https://www.teleamazonas.com/?s=Alaus%C3%AD+,https://twitter.com/hashtag/Chimborazo?src=hash&ref_src=twsrc%5Etfw,https://twitter.com/hashtag/Alaus%C3%AD?src=hash&ref_src=twsrc%5Etfw,https://twitter.com/Riesgos_Ec/status/1782028158704763208?ref_src=twsrc%5Etfw,https://www.teleamazonas.com/alausi-sigue-riesgo-ano-despues-deslave-muertos/,https://www.teleamazonas.com/asciende-fallecidos-deslizamiento-alausi/,https://twitter.com/hashtag/ATENCI%C3%93N?src=hash&ref_src=twsrc%5Etfw,https://t.co/vmNhYxuYzk,https://t.co/pSgQC8iRqI,https://twitter.com/teleamazonasec/status/1781449501602959619?ref_src=twsrc%5Etfw,https://www.addtoany.com/add_to/facebook?linkurl=https%3A%2F%2Fwww.teleamazonas.com%2Faluvion-alausi-personas-afectadas-heridos%2F&linkname=Aluvi%C3%B3n%20en%20Alaus%C3%AD%20deja%2029%20familias%20afectadas%20y%20una%20persona%20herida,https://www.addtoany.com/add_to/x?linkurl=https%3A%2F%2Fwww.teleamazonas.com%2Faluvion-alausi-personas-afectadas-heridos%2F&linkname=Aluvi%C3%B3n%20en%20Alaus%C3%AD%20deja%2029%20familias%20afectadas%20y%20una%20persona%20herida,https://www.addtoany.com/add_to/whatsapp?linkurl=https%3A%2F%2Fwww.teleamazonas.com%2Faluvion-alausi-personas-afectadas-heridos%2F&linkname=Aluvi%C3%B3n%20en%20Alaus%C3%AD%20deja%2029%20familias%20afectadas%20y%20una%20persona%20herida,https://www.addtoany.com/add_to/facebook_messenger?linkurl=https%3A%2F%2Fwww.teleamazonas.com%2Faluvion-alausi-personas-afectadas-heridos%2F&linkname=Aluvi%C3%B3n%20en%20Alaus%C3%AD%20deja%2029%20familias%20afectadas%20y%20una%20persona%20herida,https://www.addtoany.com/add_to/telegram?linkurl=https%3A%2F%2Fwww.teleamazonas.com%2Faluvion-alausi-personas-afectadas-heridos%2F&linkname=Aluvi%C3%B3n%20en%20Alaus%C3%AD%20deja%2029%20familias%20afectadas%20y%20una%20persona%20herida,https://www.addtoany.com/add_to/email?linkurl=https%3A%2F%2Fwww.teleamazonas.com%2Faluvion-alausi-personas-afectadas-heridos%2F&linkname=Aluvi%C3%B3n%20en%20Alaus%C3%AD%20deja%2029%20familias%20afectadas%20y%20una%20persona%20herida,https://www.addtoany.com/share,https://www.teleamazonas.com/etiqueta/alausi/,https://www.teleamazonas.com/etiqueta/aluvion/,https://www.teleamazonas.com/etiqueta/invierno/,https://www.teleamazonas.com/noticiero-de-ecuador-emision-matinal-21-04-24/,https://www.teleamazonas.com/mana-pronuncia-conflicto-ecuador-mexico-concierto-quito/,https://www.teleamazonas.com/categoria/noticias/,https://www.teleamazonas.com/pasajera-amenazo-conductor-uber-mexico/,https://www.teleamazonas.com/pasajera-amenazo-conductor-uber-mexico/,https://www.teleamazonas.com/author/pd4dhgkx599h-eb/,https://www.teleamazonas.com/exportacion-flores-ecuador-san-calentin-2025/,https://www.teleamazonas.com/categoria/noticias/noticias-nacionales/,https://www.teleamazonas.com/categoria/noticias/,https://www.teleamazonas.com/exportacion-flores-ecuador-san-calentin-2025/,https://www.teleamazonas.com/exportacion-flores-ecuador-san-calentin-2025/,https://www.teleamazonas.com/author/pd4dhgkx599h-bm/,https://www.teleamazonas.com/venezuela-aviones-deportados-estados-unidos/,https://www.teleamazonas.com/categoria/noticias/internacionales/,https://www.teleamazonas.com/categoria/noticias/,https://www.teleamazonas.com/venezuela-aviones-deportados-estados-unidos/,https://www.teleamazonas.com/venezuela-aviones-deportados-estados-unidos/,https://www.teleamazonas.com/author/pd4dhgkx599h-pa/,https://www.teleamazonas.com/organizaciones-politicas-retirar-propaganda-sanciones/,https://www.teleamazonas.com/categoria/noticias/noticias-nacionales/,https://www.teleamazonas.com/categoria/noticias/,https://www.teleamazonas.com/organizaciones-politicas-retirar-propaganda-sanciones/,https://www.teleamazonas.com/organizaciones-politicas-retirar-propaganda-sanciones/,https://www.teleamazonas.com/author/pd4dhgkx599h-eb/,https://www.teleamazonas.com/oleaje-costa-ecuatoriana-febrero/,https://www.teleamazonas.com/categoria/noticias/noticias-nacionales/,https://www.teleamazonas.com/categoria/noticias/,https://www.teleamazonas.com/oleaje-costa-ecuatoriana-febrero/,https://www.teleamazonas.com/oleaje-costa-ecuatoriana-febrero/,https://www.teleamazonas.com/author/pd4dhgkx599h-pa/,https://www.teleamazonas.com/la-sustituta-serie-rompe-esquemas-mujeres-protagonistas/,https://www.teleamazonas.com/categoria/tv/novelas/,https://www.teleamazonas.com/categoria/tv/,https://www.teleamazonas.com/la-sustituta-serie-rompe-esquemas-mujeres-protagonistas/,https://www.teleamazonas.com/la-sustituta-serie-rompe-esquemas-mujeres-protagonistas/,https://www.teleamazonas.com/author/pd4dhgkx599h-ka/,https://www.teleamazonas.com/categoria/noticias/,https://www.teleamazonas.com/pasajera-amenazo-conductor-uber-mexico/,https://www.teleamazonas.com/pasajera-amenazo-conductor-uber-mexico/,https://www.teleamazonas.com/author/pd4dhgkx599h-eb/,https://www.teleamazonas.com/exportacion-flores-ecuador-san-calentin-2025/,https://www.teleamazonas.com/categoria/noticias/noticias-nacionales/,https://www.teleamazonas.com/categoria/noticias/,https://www.teleamazonas.com/exportacion-flores-ecuador-san-calentin-2025/,https://www.teleamazonas.com/exportacion-flores-ecuador-san-calentin-2025/,https://www.teleamazonas.com/author/pd4dhgkx599h-bm/,https://www.teleamazonas.com/venezuela-aviones-deportados-estados-unidos/,https://www.teleamazonas.com/categoria/noticias/internacionales/,https://www.teleamazonas.com/categoria/noticias/,https://www.teleamazonas.com/venezuela-aviones-deportados-estados-unidos/,https://www.teleamazonas.com/venezuela-aviones-deportados-estados-unidos/,https://www.teleamazonas.com/author/pd4dhgkx599h-pa/,https://www.teleamazonas.com/organizaciones-politicas-retirar-propaganda-sanciones/,https://www.teleamazonas.com/categoria/noticias/noticias-nacionales/,https://www.teleamazonas.com/categoria/noticias/,https://www.teleamazonas.com/organizaciones-politicas-retirar-propaganda-sanciones/,https://www.teleamazonas.com/organizaciones-politicas-retirar-propaganda-sanciones/,https://www.teleamazonas.com/author/pd4dhgkx599h-eb/,https://www.teleamazonas.com/oleaje-costa-ecuatoriana-febrero/,https://www.teleamazonas.com/categoria/noticias/noticias-nacionales/,https://www.teleamazonas.com/categoria/noticias/,https://www.teleamazonas.com/oleaje-costa-ecuatoriana-febrero/,https://www.teleamazonas.com/oleaje-costa-ecuatoriana-febrero/,https://www.teleamazonas.com/author/pd4dhgkx599h-pa/,https://www.teleamazonas.com/la-sustituta-serie-rompe-esquemas-mujeres-protagonistas/,https://www.teleamazonas.com/categoria/tv/novelas/,https://www.teleamazonas.com/categoria/tv/,https://www.teleamazonas.com/la-sustituta-serie-rompe-esquemas-mujeres-protagonistas/,https://www.teleamazonas.com/la-sustituta-serie-rompe-esquemas-mujeres-protagonistas/,https://www.teleamazonas.com/author/pd4dhgkx599h-ka/,https://www.teleamazonas.com/images/documentos/pdf/CODIGOETICA.pdf,https://www.teleamazonas.com/contactenos/,http://ecuiosrvsh1:11153/default.aspx,https://www.facebook.com/TeleamazonasEcuador,https://www.instagram.com/teleamazonasec/,https://twitter.com/teleamazonasec,https://www.youtube.com/c/TeleamazonasEcuadorOficial,https://www.teleamazonas.com/",,
